Category1,Category2,Category3,10-Dec,11-Jan,11-Feb,11-Mar,11-Apr,11-May,11-Jun,11-Jul,11-Aug,11-Sep,11-Oct,11-Nov,11-Dec,12-Jan,12-Feb,12-Mar,12-Apr,12-May,12-Jun,12-Jul,12-Aug,12-Sep,12-Oct,12-Nov,12-Dec,13-Jan,13-Feb,13-Mar,13-Apr,13-May,13-Jun,13-Jul,13-Aug,13-Sep,13-Oct,13-Nov,13-Dec,14-Jan,14-Feb,14-Mar,14-Apr,14-May,14-Jun,14-Jul,14-Aug,14-Sep,14-Oct,14-Nov,14-Dec,15-Jan,15-Feb,15-Mar,15-Apr,15-May,15-Jun,15-Jul,15-Aug,15-Sep,15-Oct,15-Nov,15-Dec,16-Jan,16-Feb,16-Mar,16-Apr,16-May,16-Jun,16-Jul,16-Aug
A,X,W,0,0,0,0,0,0,0,0,0,0,0,0,0,0,0,0,0,0,0,0,0,0,0,0,0,0,0,0,0,0,0,0,0,0,0,0,0,0,0,0,0,0,0,0,0,30,0,0,5,0,0,570,2061,13822,16730,13178,9814,10166,6495,27470,57135,24230,22576,25627,21283,21486,31879,25246,27515
A,A,A,0,0,0,0,0,0,0,0,0,0,0,0,0,0,0,0,0,0,0,0,0,0,0,0,0,445387,409590,446587,313901,294959,371677,311436,342033,386121,285165,301804,508148,278061,310467,358239,248998,232080,302672,267015,322004,374625,297737,452887,705445,258244,298029,339785,233427,224777,291458,241622,293511,356579,264255,337553,679924,289284,319954,351710,253872,261584,340386,275873,332474
A,A,B,0,0,0,0,0,0,0,0,0,0,0,0,0,0,0,0,0,0,0,0,0,0,0,0,0,734161,685919,789018,509878,488771,640080,466612,598391,639250,410131,556360,984537,427590,498764,575448,378067,381543,481508,390322,474441,542372,394104,442740,813362,395002,470135,464293,348825,327153,388646,311547,387380,448017,294690,366460,715109,305632,315760,369734,261899,239278,297683,250246,292801
A,A,C,0,0,0,0,0,0,0,0,0,0,0,0,0,0,0,0,0,0,0,0,0,0,0,0,0,35450,32177,40849,25757,27031,39493,30014,37560,39276,26281,30080,67193,23758,39006,41006,24468,23331,37436,28907,34107,34987,19505,25061,65220,25691,27354,28577,21515,22181,23848,30147,24904,25861,18881,25321,48449,20415,23348,27214,18392,23174,20951,17712,18621
A,A,E,0,0,0,0,0,0,0,0,0,0,0,0,0,0,0,0,0,0,0,0,0,0,0,0,0,1246672,1107478,1241805,1018131,873597,1039250,848263,1032367,1289421,871029,857456,1106940,948570,986318,1127179,899062,873266,992220,836916,1009794,1205252,888900,816743,1078982,1012325,1066576,1110060,793173,733613,1040524,806532,1004534,1201303,887926,832857,1118580,1039288,951418,1069458,778416,750565,1032063,821724,986055
A,A,I,0,0,0,0,0,0,0,0,0,0,0,0,0,0,0,0,0,0,0,0,0,0,0,0,0,8293,6801,8625,8052,6024,7174,5694,6528,7455,5773,6799,13057,6740,7245,8547,6175,6088,8118,7051,7402,9027,6665,8215,12760,6995,7548,9670,6759,6878,7848,6214,7054,8316,6626,7199,9958,7357,8066,9647,7679,7839,9842,7123,7983
A,A,M,0,0,0,0,0,0,0,0,0,0,0,0,0,0,0,0,0,0,0,0,0,0,0,0,0,17043472,16203433,19606128,14135421,13672008,18116531,15533781,17773628,18697087,13795961,21857456,36084063,13062680,16428620,19056461,14442319,13330831,18230596,17226634,19699850,19519782,14549714,23710726,39855660,15188787,17602701,20652227,14888157,15413174,20356333,18881569,23162171,21865338,15627750,25178979,39937550,14745802,17904538,21483559,15900085,16247858,21614813,20341383,26216774
A,A,V,0,0,0,0,0,0,0,0,0,0,0,0,0,0,0,0,0,0,0,0,0,0,0,0,0,40310,31357,41470,31400,27270,27153,21959,22648,24712,20468,22775,38975,23501,22702,30173,20822,19374,27146,25795,24715,29417,24541,39256,54470,29173,40574,35143,24427,22775,30126,23454,29869,34541,26160,31431,45076,29116,31792,31220,23019,17230,20003,21180,24126
A,A,X,0,0,0,0,0,0,0,0,0,0,0,0,0,0,0,0,0,0,0,0,0,0,0,0,0,998,1236,1399,654,735,1566,1393,547,2047,2169,3218,7449,4652,2731,3213,2077,421,856,892,882,152,644,725,1343,613,628,1008,441,7438,23729,18530,19498,23531,17015,17664,30782,16083,22751,24185,19797,16093,17400,10889,13164
A,B,P,0,0,0,0,0,0,0,0,0,0,0,0,0,0,0,0,0,0,0,0,0,0,0,0,0,319517,286966,314699,231806,230083,333100,271920,299750,348196,288703,392679,779088,316610,408406,410367,274347,289206,386340,373050,335632,408996,331930,553219,1072672,352565,360659,586323,337405,294759,464033,399009,422908,412798,311084,593562,1190068,398082,431245,504161,344846,368525,589723,416546,492913
A,B,Q,0,0,0,0,0,0,0,0,0,0,0,0,0,0,0,0,0,0,0,0,0,0,0,0,0,65495,60240,61737,42561,44333,62756,54613,60882,74412,56524,88228,174607,68389,87643,89059,68577,66813,89791,85090,87414,117048,81125,139512,286770,100136,111489,129813,84837,86993,123318,107325,111616,126644,93070,164828,316311,112155,130564,141368,102155,97775,139509,110545,118974
A,B,R,0,0,0,0,0,0,0,0,0,0,0,0,0,0,0,0,0,0,0,0,0,0,0,0,0,469325,392517,502374,305681,308040,428602,342176,373810,411118,347010,489305,991836,392052,452230,551665,406561,367682,559389,487638,448906,533276,374310,674606,1267211,448890,472508,598248,440621,411269,598091,505552,538560,582087,407183,768313,1390637,543789,573974,614277,469264,483364,756001,602704,670590
A,C,W,0,0,0,0,0,0,0,0,0,0,0,0,0,0,0,0,0,0,0,0,0,0,0,0,0,956402,933713,974463,650066,620929,766023,683457,751612,894329,680494,943100,1244070,708683,906775,1053858,828419,633212,772040,691895,745999,922451,725089,978041,1295378,721338,849348,871380,597058,566701,717526,622300,741091,796143,613470,842547,1168420,620467,736245,785630,575230,556498,683815,570541,665876
A,C,W,0,0,0,0,0,0,0,0,0,0,0,0,0,0,0,0,0,0,0,0,0,0,0,0,0,834958,853173,887377,600133,623011,813397,776620,957051,896251,633605,1226243,1536219,603820,835718,844671,622792,626433,795337,792226,1035867,955771,650756,1226462,1636712,650399,817391,850670,608180,643964,795468,743806,1083293,965092,612730,1140668,1653718,617649,771306,803111,605105,604519,795786,712382,1012667
A,C,NULL,0,0,0,0,0,0,0,0,0,0,0,0,0,0,0,0,0,0,0,0,0,0,0,0,0,1713930,2542454,2660728,1907625,2379282,3080144,3224878,3394742,4364957,3782080,14128671,17706565,3192247,4956602,4203325,2782818,2898812,3430063,3216239,3461445,4228803,2966202,16570680,16012143,2597586,4277645,4222646,2482667,2994750,3484683,2808041,2914893,3416990,2396671,10715665,13686432,1840053,3333653,3324171,2073291,2196487,2663164,2071524,2255140
A,C,NULL,0,0,0,0,0,0,0,0,0,0,0,0,0,0,0,0,0,0,0,0,0,0,0,0,0,4106273,3557565,3970685,3132064,3411462,3473189,2685240,2558772,3003615,2909287,9066096,9800262,2274729,2934743,2966648,2148019,2465328,3654237,2329037,2962982,2802640,2603357,6876246,7408985,1565063,2058759,2269806,1487447,1657348,2253697,1737248,1504854,1785035,1190446,4877800,6738023,1291496,1376122,1768075,1757532,1686084,1891333,1432650,1511162
A,C,NULL,0,0,0,0,0,0,0,0,0,0,0,0,0,0,0,0,0,0,0,0,0,0,0,0,0,4196,7350,6216,6506,13825,3149,1389,3520,8418,4502,42081,47427,-2503,5249,8586,6729,4934,13779,5860,5148,7187,6231,16195,60534,5961,3006,9227,7243,4797,3998,1673,1007,2813,2726,1190,2350,356,717,2579,987,524,921,1633,402
A,C,NULL,0,0,0,0,0,0,0,0,0,0,0,0,0,0,0,0,0,0,0,0,0,0,0,0,0,99635,159773,154212,107005,117990,172815,177049,249174,323100,262768,1005389,894600,346778,304611,289595,198014,165438,229653,226668,292174,308046,172264,791882,994258,200316,293325,251831,173456,315297,364767,249371,320235,302032,212490,720738,915320,214076,353952,429489,199609,197262,283414,177526,180192
A,D,NULL,0,0,0,0,0,0,0,0,0,0,0,0,0,0,0,0,0,0,0,0,0,0,0,0,0,3935613,3371752,3740123,2511176,2404304,3376859,2629389,2891573,3497236,2708747,3197713,4289498,2723711,3136214,3463671,2306619,2217653,3038648,2438913,2713823,3215620,2478701,2823700,4146995,2597806,2939458,3169292,2206567,2138362,2866810,2198258,2446366,3041903,2367044,2793613,3679454,2310953,2548738,2812033,1986398,2004808,2634984,2076988,2399623
A,E,U,0,0,0,0,0,0,0,0,0,0,0,0,0,0,0,0,0,0,0,0,0,0,0,0,0,327114,298885,389278,355063,520331,782882,628759,576375,640056,632935,1706453,3688210,600909,799393,1024883,868115,965442,1498936,1151332,1132559,1243079,1046173,2823763,6023218,1072053,1349682,1647360,1285270,1496123,2189921,1653753,1617402,1728332,1296849,2889028,7068157,1113877,1492482,1759233,1369538,1647726,2297893,1681710,1662542
A,F,L,0,0,0,0,0,0,0,0,0,0,0,0,0,0,0,0,0,0,0,0,0,0,0,0,0,3602288,3265887,3842780,3032869,3018797,3910731,2965891,3209019,3385408,2332322,3591106,7757365,1686919,2189899,2635529,1956492,1924049,2644091,2543997,2526419,2590268,1879695,2923541,6329930,1517828,1970067,2222233,1556138,1687794,2222735,1708744,1798013,1928317,1315444,1498727,3666764,887895,1154624,1295116,935543,947917,1048502,993385,874113
A,F,T,0,0,0,0,0,0,0,0,0,0,0,0,0,0,0,0,0,0,0,0,0,0,0,0,0,183961,161743,200043,152111,179334,249036,180733,212360,223680,187339,397835,1008476,147532,187336,217043,150200,172550,231456,171898,191957,198620,157559,329868,876888,154685,175469,206167,139353,156370,206154,159263,185261,197621,180350,411239,841022,158119,191340,218419,175520,197528,241379,184698,212986
A,G,D,0,0,0,0,0,0,0,0,0,0,0,0,0,0,0,0,0,0,0,0,0,0,0,0,0,152315,156300,207508,159969,146604,171657,150030,145006,172582,123361,127777,146083,121583,133230,166314,130368,136370,162210,158117,141872,172499,120439,124687,141925,131205,126527,165565,126714,138453,180424,138254,134597,172416,123448,121380,154305,137888,156586,162620,121954,131634,157884,129732,122266
A,G,F,0,0,0,0,0,0,0,0,0,0,0,0,0,0,0,0,0,0,0,0,0,0,0,0,0,1533563,1322306,1560659,1198078,1138658,1439379,1182929,1231285,1459955,1140532,1172973,1439120,1211070,1229137,1462976,1110605,1075241,1259748,1054259,1109321,1391906,1090102,1030555,1296283,1061893,1093425,1290646,1013854,989120,1330237,1111088,1099433,1414264,1044191,1038988,1288338,1103216,1131801,1278840,1007211,1000105,1300529,1100678,1137535
A,G,H,0,0,0,0,0,0,0,0,0,0,0,0,0,0,0,0,0,0,0,0,0,0,0,0,0,927212,780124,896681,627815,597288,781047,651845,720133,852609,662491,723149,1015320,765888,836744,950578,706266,676555,872360,727728,807299,964142,728394,841321,1201416,881674,922001,1073401,767073,764501,959330,795270,927419,1078358,842873,898449,1229376,960694,985673,1155604,847181,854133,989021,789382,848963
A,G,J,0,0,0,0,0,0,0,0,0,0,0,0,0,0,0,0,0,0,0,0,0,0,0,0,0,636038,528728,595421,454198,410083,533545,483238,556461,644712,491464,686298,1028383,550153,598922,703747,447973,435590,551209,473070,584961,654507,473948,624375,1026486,587058,579556,651887,461373,458252,566572,457501,514270,619394,500871,611725,964404,509369,571440,595908,420113,465979,534938,537540,568193
A,H,A3,0,0,0,0,0,0,0,0,0,0,0,0,0,0,0,0,0,0,0,0,0,0,0,0,0,954879,770424,899911,649213,595246,764827,605008,681619,804689,530688,554953,884113,563940,598603,659868,458644,467469,577673,458691,506869,601861,442285,530547,716499,468888,507690,575001,417495,406443,522411,419889,498754,592702,433195,475828,665606,461299,460944,566847,412202,417858,494538,391713,446488
A,I,G,0,0,0,0,0,0,0,0,0,0,0,0,0,0,0,0,0,0,0,0,0,0,0,0,0,1931409,1636630,1881472,1388936,1293246,1615595,1394198,1406607,1718045,1319637,1652442,1591414,1438239,1500376,1889077,1292057,1176786,1424668,1194708,1310153,1644943,1228871,1243030,1535825,1575166,1772843,1777383,1240513,1085800,1355310,1172529,1211479,1519856,1155998,1095570,1337999,1195841,1319718,1637314,1221615,1007209,1241259,1021815,1104530
A,I,K,0,0,0,0,0,0,0,0,0,0,0,0,0,0,0,0,0,0,0,0,0,0,0,0,0,6222488,5388288,6160468,4426906,4144289,5667870,5433141,6626821,6448876,4497685,6923523,9639075,5299393,5576838,6579171,4630410,4177510,5559744,5268295,6568494,6705782,4648839,6557540,8925098,5529657,5734043,6644202,4725297,4692093,5732725,5130850,6847620,7100496,4875816,6936963,8876399,5620301,5675920,6573206,4827483,4615806,5721874,5082202,6690146
A,I,NULL,0,0,0,0,0,0,0,0,0,0,0,0,0,0,0,0,0,0,0,0,0,0,0,0,0,249073,240342,270790,234803,203422,227767,183739,271018,338817,253618,221355,199942,229131,252406,309597,228710,195833,233296,192754,286358,392188,275878,242813,228654,278455,282822,346051,283330,242194,273255,223424,327601,399422,293521,234808,220233,263013,285856,325191,276136,259371,257382,198222,304636
A,I,A2,0,0,0,0,0,0,0,0,0,0,0,0,0,0,0,0,0,0,0,0,0,0,0,0,0,183699,165290,188915,138518,127799,157985,137159,141430,171616,133053,126444,173591,145726,141894,185133,129069,134905,169076,142282,175562,201714,156504,162239,256188,166518,178128,219962,152837,160112,183002,172549,179706,211860,146080,172118,297149,191531,204871,232808,166928,180993,193797,182205,182061
A,J,O,0,0,0,0,0,0,0,0,0,0,0,0,0,0,0,0,0,0,0,0,0,0,0,0,0,8356,5426,5104,3338,3860,4553,3303,3646,5004,3793,2689,4804,1330,1088,1392,1584,1513,1638,1522,963,858,496,981,2117,865,634,827,548,395,449,317,369,374,366,410,770,294,294,351,343,146,148,212,232
A,J,O,0,0,0,0,0,0,0,0,0,0,0,0,0,0,0,0,0,0,0,0,0,0,0,0,0,596243,402317,350688,270158,254965,307134,228273,212722,246761,140621,200116,553180,148895,127370,140275,88023,86375,104980,74210,61301,60149,42747,91559,175167,45600,45463,44918,36198,41898,38541,30137,29113,31160,21895,35849,87835,23127,21538,23135,16088,18996,25103,18842,16795
A,J,O,0,0,0,0,0,0,0,0,0,0,0,0,0,0,0,0,0,0,0,0,0,0,0,0,0,17,12,45,15,37,40,50,112,52,32,47,102,52,35,5,30,30,35,15,15,22,20,15,25,25,35,25,25,32,40,47,37,27,12,30,57,67,17,30,20,5,2,0,0
A,J,O,0,0,0,0,0,0,0,0,0,0,0,0,0,0,0,0,0,0,0,0,0,0,0,0,0,79542,49788,50495,33352,16706,16237,12214,13223,19785,11344,10230,48286,10920,10997,13121,8024,7077,7779,5611,5946,6228,5509,7506,19393,6661,5827,6595,5284,5987,9736,5084,4382,4606,3100,2254,4970,2581,1977,2503,1687,1568,1874,1486,1433
A,J,O,0,0,0,0,0,0,0,0,0,0,0,0,0,0,0,0,0,0,0,0,0,0,0,0,0,220,115,102,48,99,99,56,54,80,72,94,367,126,97,97,46,38,46,32,40,29,13,35,166,38,5,0,0,0,0,8,0,0,0,0,0,0,5,3,0,5,67,43,110
A,J,NULL,0,0,0,0,0,0,0,0,0,0,0,0,0,0,0,0,0,0,0,0,0,0,0,0,0,547673,441327,522015,426530,375404,527078,510054,454244,576752,381178,661861,1140783,344769,346569,349344,226023,211591,285595,237281,238448,252985,230065,384977,471503,211432,239573,301226,218177,297211,346602,267271,297512,286286,204212,223081,344647,140520,162530,174126,126515,134763,148293,132033,121968
A,J,Z,0,0,0,0,0,0,0,0,0,0,0,0,0,0,0,0,0,0,0,0,0,0,0,0,0,8344822,6280712,6686755,4767463,5237606,6221126,4950664,5192204,5640221,4685226,9785897,20693764,6102115,7016861,7190829,4833608,4964598,6350971,5461088,5739045,6022256,4710683,8081773,16608735,5084529,5905329,6137483,3723488,4223626,5221406,3778085,3958108,4545341,3120690,5561568,11865908,3610317,3943329,4209074,3120635,3340163,4159321,3088174,3294676
A,J,NULL,0,0,0,0,0,0,0,0,0,0,0,0,0,0,0,0,0,0,0,0,0,0,0,0,0,1030047,906961,1048029,761274,849690,1051529,829458,1044294,1223909,847141,1664736,3333952,1178542,1166621,1285317,851945,868117,1123856,961589,1221917,1329070,827560,1426278,2895414,956121,1041897,1060425,685521,855400,965861,679264,893995,898593,618578,944571,2090540,916104,829981,900727,787584,752323,893719,608888,796949
A,J,NULL,0,0,0,0,0,0,0,0,0,0,0,0,0,0,0,0,0,0,0,0,0,0,0,0,0,2056256,1530995,1470776,1141700,1137906,1387395,1177646,1335760,1401593,968364,1362726,2579011,1241534,1292374,1469634,1020095,972509,1259844,1124375,1285436,1346034,851206,1060618,2111438,1029733,1116410,1260396,800061,820318,1036405,865358,1007647,1054007,879777,963612,1780864,953378,921021,1008353,777622,733045,868612,793984,1040932
A,J,NULL,0,0,0,0,0,0,0,0,0,0,0,0,0,0,0,0,0,0,0,0,0,0,0,0,0,10870,2444,2848,2036,9799,3405,4848,4413,4899,2475,16891,5998,9618,11101,10713,8241,7669,7912,11901,13243,17287,16004,16707,21324,15188,15871,19409,12792,14071,18283,15361,18201,22991,14447,12572,33331,28671,29930,39277,37532,36449,46468,36555,39925
A,J,A1,0,0,0,0,0,0,0,0,0,0,0,0,0,0,0,0,0,0,0,0,0,0,0,0,0,2452149,1760290,1822385,1234213,1286824,1489173,1191692,1228810,1321845,966910,1706614,4102755,1361604,1573912,1607252,1091670,1116014,1388570,1163805,1312008,1377438,919504,1194375,2761027,1071478,1178432,1298432,815212,854217,1029586,751740,815446,955744,634909,841405,1969619,741261,758907,885997,662428,676365,834847,620931,711974
A,J,NULL,0,0,0,0,0,0,0,0,0,0,0,0,0,0,0,0,0,0,0,0,0,0,0,0,0,83992,83637,81326,63417,58770,75216,67933,72512,91060,59131,80407,155139,60245,68522,70361,51494,53477,70119,62990,87408,95675,65188,76027,158981,66715,74911,81100,57501,54024,68301,74127,74454,69387,62062,86580,182674,70836,72593,90633,67894,69064,86242,74220,81911
B,A,A,0,0,0,0,0,0,0,0,0,0,0,0,0,0,0,0,0,0,0,0,0,0,0,0,0,71087,69797,94759,67674,55833,82350,52934,62844,78548,49921,56702,88182,61106,59605,88175,63215,52800,74817,50049,58433,70531,42688,49741,79234,53587,53223,68315,52683,44164,61197,44420,53516,63873,39023,44226,71983,47118,47914,64339,49161,40482,55663,39477,43898
B,A,B,0,0,0,0,0,0,0,0,0,0,0,0,0,0,0,0,0,0,0,0,0,0,0,0,0,57726,53624,65831,52814,46401,65559,43223,48673,59889,33444,35752,65409,41339,39764,51549,35352,31694,48222,29566,34236,42750,26693,29734,51714,33347,29857,36338,28677,25828,36179,29393,28944,35356,23966,24978,54357,26312,23491,31414,23197,21571,31729,22100,24483
B,A,C,0,0,0,0,0,0,0,0,0,0,0,0,0,0,0,0,0,0,0,0,0,0,0,0,0,15153,17838,21842,15896,12683,16341,13461,12380,12444,9795,9089,21828,9380,9798,11525,8251,8236,10896,9915,8306,9425,7355,7856,16871,7824,5293,6667,5920,7588,7668,6245,6170,6538,4703,5033,11120,4554,3880,8687,2771,1898,3536,2466,2025
B,A,E,0,0,0,0,0,0,0,0,0,0,0,0,0,0,0,0,0,0,0,0,0,0,0,0,0,470620,499929,691920,505691,385307,564811,388641,464046,624277,373178,437577,573048,395531,399729,582873,402044,321582,465060,296726,349152,388922,213969,249744,327194,231169,240516,336709,260177,202379,292081,202787,234485,296688,179643,202059,292670,201795,227396,299593,222496,177939,272033,181450,201701
B,A,I,0,0,0,0,0,0,0,0,0,0,0,0,0,0,0,0,0,0,0,0,0,0,0,0,0,646,475,560,351,224,384,266,301,363,456,417,495,368,252,756,432,296,240,171,142,271,213,181,574,224,270,337,204,190,309,213,167,271,103,86,557,1644,643,343,366,201,454,357,662
B,A,N,647717,2590869,2495114,3213490,2497916,2198768,3170163,2326852,2825216,3176992,2228833,2515571,3567119,2592013,2540898,3458527,2653561,2215417,3214531,2378639,2792925,3562215,2208392,2497705,4112159,2539441,2536003,3418386,2549158,2131176,3188209,2270962,2776162,3441995,2157189,2491766,4061467,2603189,2498027,3616878,0,0,0,0,0,0,0,0,0,0,0,0,0,0,0,0,0,0,0,0,0,0,0,0,0,0,0,0,0
B,A,V,0,0,0,0,0,0,0,0,0,0,0,0,0,0,0,0,0,0,0,0,0,0,0,0,0,25041,22493,26244,19729,17275,23435,13378,14772,17292,14647,21206,40988,23938,24945,35043,21748,23076,30184,22009,24185,26943,16944,19083,48638,22784,22061,27243,21531,20736,40730,26905,26025,28690,16818,19407,41690,19208,17358,19565,13708,12964,15264,10988,11004
B,A,Y,0,0,0,0,0,0,0,0,0,0,0,0,0,0,0,0,0,0,0,0,0,0,0,0,0,207,108,77,88,77,132,74,87,119,50,41,106,70,74,374,167,338,774,635,789,1388,699,1629,2068,518,318,347,167,231,125,84,58,84,10,28,25,13,6,1,0,0,17,17,4
B,B,P,0,0,0,0,0,0,0,0,0,0,0,0,0,0,0,0,0,0,0,0,0,0,0,0,0,8912,8838,9936,7471,6338,9103,6591,8591,11421,6686,8834,13949,10635,10428,14414,10685,8422,12693,8276,12605,26868,20121,24290,36440,27898,25904,35092,26313,20689,28301,21549,25822,33886,21611,28095,40405,28188,28917,40176,28985,24275,32625,24214,26856
B,B,Q,0,0,0,0,0,0,0,0,0,0,0,0,0,0,0,0,0,0,0,0,0,0,0,0,0,399295,467214,652928,493622,395503,640935,484784,567828,752817,504787,629830,860661,487589,606742,872305,680752,558986,783371,482243,602408,837118,568955,719525,884307,537088,581461,1034761,656711,537522,873324,567597,696651,966519,734041,1033210,1203387,740021,789692,1561952,1175055,1061389,2178598,1262138,1531666
B,B,R,0,0,0,0,0,0,0,0,0,0,0,0,0,0,0,0,0,0,0,0,0,0,0,0,0,898751,1015422,1428897,1014045,925850,1426841,1037991,1260508,1679296,1109792,1284625,1702355,1118563,1367155,1798509,1418025,1164652,1930705,1161055,1447977,1958942,1254962,1595388,1945284,1121310,1130833,1882501,1284707,940227,1525137,1087568,1288294,1748792,1301038,1767913,2182972,1394991,1536768,2444599,1526834,1414359,2681657,1735989,2043504
B,C,W,0,0,0,0,0,0,0,0,0,0,0,0,0,0,0,0,0,0,0,0,0,0,0,0,0,7896117,8498770,11475734,9243440,7337388,10730237,7273217,8520128,11290190,7384780,8414585,11086972,6957242,7729694,10719160,8244204,6333225,9762770,6659775,7995003,10738504,7095013,8018415,10434516,6784679,7161447,10003811,7905689,6417231,9159058,6090388,7143001,9096450,5826628,6555959,8608561,5430987,5780003,7852245,6342344,5187073,7601423,5257304,6043068
B,C,W,0,0,0,0,0,0,0,0,0,0,0,0,0,0,0,0,0,0,0,0,0,0,0,0,0,0,26,214,8,12,30,40,16,2,9,11,29,0,0,0,0,0,0,0,6,2,0,0,42,0,0,0,11,0,0,0,0,11,76,25,17,6,7,10,0,0,11,9,2
B,C,W,0,0,0,0,0,0,0,0,0,0,0,0,0,0,0,0,0,0,0,0,0,0,0,0,0,7907977,8444414,11428193,8884903,6869598,9910974,6977467,8424810,11323389,7704315,7815870,10383368,7196648,7751774,11435926,7838326,5932999,8520648,6006226,7384146,9687735,6549148,6857462,9375412,6505438,6865958,9451484,6872433,5667248,7689685,5376002,6330446,7895574,5330915,5687627,7911294,3316321,3619030,4639449,3407043,2858779,4228271,3075226,3495169
B,E,U,0,0,0,0,0,0,0,0,0,0,0,0,0,0,0,0,0,0,0,0,0,0,0,0,0,100970,97744,143300,118501,111568,213114,161765,187390,234274,156052,212079,716324,271922,244852,372017,267118,257811,380449,332324,361894,464877,338852,473871,1390416,520920,459225,584033,457315,414488,582298,477058,523305,659552,406801,519278,1703516,566186,522439,738458,528942,418548,628091,440663,494321
B,F,L,0,0,0,0,0,0,0,0,0,0,0,0,0,0,0,0,0,0,0,0,0,0,0,0,0,321836,300930,378355,277475,249871,381398,257486,269614,312557,175437,245179,514499,215142,191709,276858,180363,159358,254255,186621,202482,223090,118363,149880,340314,153704,145691,178671,127087,119258,157215,97525,122808,154146,85449,116706,241108,115821,108286,150590,107079,79159,144956,81715,92132
B,F,S,372147,1488589,1381192,1764740,1393802,1199296,1662262,1295515,1475063,1650282,1185005,1437170,2236357,1439186,1387585,1869685,1437516,1172870,1800065,1271418,1444189,1893457,1275199,1480178,3040084,1579519,1538100,2064249,1596638,1354425,2107917,1558224,1746089,2244871,1484219,1840043,3742965,1997524,1776251,2464350,0,0,0,0,0,0,0,0,0,0,0,0,0,0,0,0,0,0,0,0,0,0,0,0,0,0,0,0,0
B,F,T,0,0,0,0,0,0,0,0,0,0,0,0,0,0,0,0,0,0,0,0,0,0,0,0,0,166006,162031,189842,141050,163927,218846,160561,173199,180591,142860,189680,504862,139704,128778,177941,119355,121445,157096,127737,125756,153508,86101,112218,356397,109009,96059,104126,72278,73397,100468,98829,80302,85220,58540,81223,262857,70344,64963,88914,78471,70060,90890,57886,55664
B,G,D,0,0,0,0,0,0,0,0,0,0,0,0,0,0,0,0,0,0,0,0,0,0,0,0,0,919783,1000024,1410944,1049533,894806,1356896,976269,1125643,1473959,943409,1088480,1373721,834329,984656,1368709,1125673,909733,1402336,905530,1082997,1370821,874180,1069146,1373539,873454,881711,1387490,1054931,820497,1270492,787701,870434,1144489,753494,885341,1094676,689098,726196,1305747,894047,703065,1450752,845780,982195
B,G,F,0,0,0,0,0,0,0,0,0,0,0,0,0,0,0,0,0,0,0,0,0,0,0,0,0,2435887,2636617,3595587,2764084,2344495,3379294,2399662,2790968,3694131,2241675,2538105,3299509,2074356,2340021,3206145,2475242,1959534,2861298,1946973,2319304,2935676,1897216,2222217,2842591,1795958,1865473,2717314,1991606,1580481,2364175,1717463,1963030,2565501,1707365,2038131,2721569,1894881,2060413,3148990,2242524,1847982,3103029,2109194,2357012
B,G,H,0,0,0,0,0,0,0,0,0,0,0,0,0,0,0,0,0,0,0,0,0,0,0,0,0,2175519,2299791,3181989,2391397,2043156,2951938,2042020,2416385,3214523,2011943,2485272,3384281,2083524,2273957,3040028,2283338,1987494,3101364,1989264,2341115,3070203,1987199,2474795,3251376,2177691,2231944,3482037,2391240,1874112,3049474,1852255,2106607,2684740,1791163,2137129,2947814,2063854,2108513,3301282,2331135,1896783,2875931,1854855,2149181
B,G,J,0,0,0,0,0,0,0,0,0,0,0,0,0,0,0,0,0,0,0,0,0,0,0,0,0,603948,626962,850781,656050,515863,760576,529130,647482,841686,505926,599982,846348,615561,632784,962369,690988,524401,739857,494909,631479,816677,509950,654884,957178,566156,586749,799598,606585,456966,686947,486801,549906,688869,441086,524742,823765,641876,674864,1013553,792833,587902,822355,586831,632321
B,I,G,0,0,0,0,0,0,0,0,0,0,0,0,0,0,0,0,0,0,0,0,0,0,0,0,0,3098233,3349478,4574319,3491075,2951648,4233042,3038930,3502888,4412434,2906924,3227568,4269837,2726805,3019575,4145489,3114253,2514508,3713955,2569648,2911516,3684545,2327820,2732778,3551173,2269713,2282545,3278750,2518760,2013454,2855122,2078531,2450360,3202557,2130514,2433316,3275857,2189358,2367910,3636974,2739940,2387888,3591560,2521321,2913752
B,I,K,0,0,0,0,0,0,0,0,0,0,0,0,0,0,0,0,0,0,0,0,0,0,0,0,0,4010189,4067335,5699208,4201165,3297578,5020652,3545285,4177218,5529553,3490187,4288185,6009673,3983094,4351290,6480659,4745206,3724223,5751023,3680452,4457932,5805616,3552441,4296379,5864501,3749350,3677921,5544318,4026882,3034154,4793585,3184780,3666727,4713009,3309861,4001529,5651647,3980099,4144276,6191330,4243854,3344141,5707695,3773223,4352719
B,I,A2,0,0,0,0,0,0,0,0,0,0,0,0,0,0,0,0,0,0,0,0,0,0,0,0,0,7369,7209,9363,7348,5803,9549,6347,7357,7020,3129,3988,6360,3996,4477,6885,4952,4070,7343,4801,5929,8008,6189,8380,10876,6315,6622,9795,7628,5624,7912,6011,6421,7818,4910,6284,12021,7652,8615,11572,8463,5666,8592,7268,7890
B,J,NULL,0,0,0,0,0,0,0,0,0,0,0,0,0,0,0,0,0,0,0,0,0,0,0,0,0,195132,209485,261039,222456,198068,283797,194590,215909,249956,174591,195531,414038,244904,237901,370990,232749,213290,314987,239050,267474,310407,190408,240253,473673,246115,243653,321398,213341,176261,272318,189784,200830,228111,146079,176911,390585,410829,393542,523107,380028,298568,440841,297328,302261
C,A,A,0,0,0,0,0,0,0,0,0,0,0,0,0,0,0,0,0,0,0,0,0,0,0,0,0,290604,274601,319718,220016,225008,255151,195333,218546,286477,228428,256207,432090,279001,249143,274122,192615,181025,218265,182396,195934,256177,200731,235002,407306,238445,213508,236034,157705,153226,188059,158047,165638,224002,170327,190368,388753,195435,187611,205018,150617,136320,181496,137741,142856
C,A,B,0,0,0,0,0,0,0,0,0,0,0,0,0,0,0,0,0,0,0,0,0,0,0,0,0,205437,182143,203989,140505,135885,172155,127108,138078,194065,151134,163651,327650,171370,143917,154661,106731,108492,128731,107835,115383,142169,111677,122180,242471,131012,112030,124521,87693,84129,100790,84613,88388,121820,90026,100799,229957,100967,93853,104026,78100,71846,92875,75719,74202
C,A,C,0,0,0,0,0,0,0,0,0,0,0,0,0,0,0,0,0,0,0,0,0,0,0,0,0,64108,51787,51711,36274,33766,43359,30564,33601,44961,34966,38227,90389,41195,34533,35765,26713,26175,33866,29768,28427,35298,28788,37793,76128,36836,30143,31556,21463,21286,26018,21022,20191,26539,19696,22884,67046,22934,22744,28501,18058,17417,23472,20670,17054
C,A,E,0,0,0,0,0,0,0,0,0,0,0,0,0,0,0,0,0,0,0,0,0,0,0,0,0,230593,230565,271495,191284,167512,216542,157970,178106,235041,178794,195927,283975,195153,186083,211992,155898,154012,183010,150736,162405,204666,157237,165683,245512,154059,154171,190733,151655,122569,153199,129037,128713,177634,145668,160338,255874,141625,148844,180057,138578,129570,175555,125870,130923
C,A,I,0,0,0,0,0,0,0,0,0,0,0,0,0,0,0,0,0,0,0,0,0,0,0,0,0,53055,51854,65692,44626,39630,49997,39573,41128,57033,46805,50860,100961,46356,51142,62307,42464,42996,52364,37506,40007,55575,44545,47255,71190,43878,41546,51546,40888,34838,46740,45076,41831,57014,53200,60778,116188,55179,77574,86586,62438,49900,73060,60072,59197
C,A,V,0,0,0,0,0,0,0,0,0,0,0,0,0,0,0,0,0,0,0,0,0,0,0,0,0,113640,111884,137439,82086,64523,105723,101955,96006,103525,81942,94871,190199,95178,95727,118464,99300,91656,111953,97294,98849,107482,96805,107171,180794,90518,87102,106619,84483,76117,86814,79245,83020,98997,77599,86182,187923,80341,83813,116937,64572,51508,74006,59840,51950
C,A,Y,0,0,0,0,0,0,0,0,0,0,0,0,0,0,0,0,0,0,0,0,0,0,0,0,0,1960,2010,2439,2351,1949,2663,1638,1221,1343,728,772,945,328,521,497,308,380,552,448,417,589,540,562,642,482,470,476,363,557,772,1053,966,1551,728,695,1885,622,595,638,359,410,650,599,650
C,B,P,0,0,0,0,0,0,0,0,0,0,0,0,0,0,0,0,0,0,0,0,0,0,0,0,0,606564,548546,644253,456429,425789,536205,416125,440829,537734,498504,574190,1307326,631365,572419,617619,478023,468627,515118,478805,514702,684004,555156,719864,1580238,768112,666672,738698,569132,520535,633245,550148,577404,707576,586918,789490,2084681,807989,691892,810865,593327,531289,696573,584280,583162
C,B,Q,0,0,0,0,0,0,0,0,0,0,0,0,0,0,0,0,0,0,0,0,0,0,0,0,0,201826,202180,246215,183957,162961,222609,167906,195547,245277,190572,234316,486160,260107,244855,289608,228404,210900,280752,232796,271341,343773,275510,333582,672726,356448,324448,358872,272748,249743,338079,297009,321096,398339,298979,379875,939838,403974,366664,417895,308507,276051,404299,345822,371942
C,B,R,0,0,0,0,0,0,0,0,0,0,0,0,0,0,0,0,0,0,0,0,0,0,0,0,0,1026496,1048425,1288332,936163,819392,1130713,834325,957432,1229408,924696,1068448,2004406,1216318,1187711,1366885,988948,910926,1202351,960594,1136574,1442792,1085480,1260298,2236506,1246908,1189715,1360204,1017297,943074,1260483,1111044,1199241,1441516,1073819,1261101,2966066,1392613,1304052,1470775,1073138,999340,1439175,1190247,1288017
C,C,W,0,0,0,0,0,0,0,0,0,0,0,0,0,0,0,0,0,0,0,0,0,0,0,0,0,4253265,4514638,5835933,4184606,3637128,5087962,3806114,4119115,5574855,4210942,4823153,6763612,4119907,4515129,5988722,4764789,3805865,4932806,3784264,4048847,5362300,4122616,4800011,6500202,3681633,3706705,4602532,3508721,3156380,4199595,3338079,3496892,4832045,3569862,3725132,6138600,3158862,3128287,4062028,2966292,2619978,3760314,2897748,2983937
C,C,W,0,0,0,0,0,0,0,0,0,0,0,0,0,0,0,0,0,0,0,0,0,0,0,0,0,197592,225546,287881,201915,175339,267266,162618,194659,269552,165049,193385,275733,170908,208087,268708,202856,184497,240037,194527,232736,260172,214649,233258,301383,158508,174393,214659,202203,174635,217952,176042,164039,204656,173812,195842,320732,149082,159428,288907,167176,133321,195667,140834,141314
C,C,W,0,0,0,0,0,0,0,0,0,0,0,0,0,0,0,0,0,0,0,0,0,0,0,0,0,11591721,10715812,13103134,9225119,8200064,10951145,8678578,9715381,13369269,9556949,10693094,17566899,10360457,9579705,11610186,9007476,7975148,9951328,8361720,9618009,13808121,10050405,11911547,20292633,10068280,9314635,10996820,7895045,7472857,9580157,8176568,8994762,12904095,9404907,11515733,20560991,7202069,6711785,7855380,5769825,6956231,9618591,7820208,8905871
C,E,U,0,0,0,0,0,0,0,0,0,0,0,0,0,0,0,0,0,0,0,0,0,0,0,0,0,394403,373914,503434,379445,504358,763045,892485,861674,1000531,795979,1346776,3999509,1347398,1158591,1423447,1287966,1418103,2082969,2061398,2035245,2114313,1505973,2104403,6515967,2160289,1814734,2138039,1994563,2120827,3193924,3246907,2944999,3144015,2069390,2910504,10470459,2683315,2371051,2794407,2303726,2666880,3683944,3599110,3299685
C,F,L,0,0,0,0,0,0,0,0,0,0,0,0,0,0,0,0,0,0,0,0,0,0,0,0,0,801905,686162,837103,621624,713966,950762,858748,798700,809657,553439,685461,1913333,624580,541021,611725,527348,596958,823484,594814,543653,543895,407730,503654,1106740,360893,317783,353553,296160,440293,472258,362185,331162,349949,268138,354245,986512,351271,269970,278569,231705,227128,306213,293903,215724
C,F,T,0,0,0,0,0,0,0,0,0,0,0,0,0,0,0,0,0,0,0,0,0,0,0,0,0,59137,50034,56274,41172,42216,58638,45885,46065,55698,41579,57823,162604,58996,46621,46523,36653,36745,44172,34737,37400,44088,35343,51440,136773,47153,36776,41339,29106,29826,39439,32985,32862,40712,29433,46033,129756,41739,34638,40582,31028,30772,40834,37723,37994
C,G,D,0,0,0,0,0,0,0,0,0,0,0,0,0,0,0,0,0,0,0,0,0,0,0,0,0,476844,535697,693941,504764,404911,558501,417065,470569,659223,523969,555465,755264,465732,512588,639941,514145,437675,597801,439624,504474,672974,505848,540068,710359,431743,443357,611061,425320,378914,506240,417803,419034,597795,448398,489599,756191,461758,489201,632024,430290,367933,516419,396334,440254
C,G,F,0,0,0,0,0,0,0,0,0,0,0,0,0,0,0,0,0,0,0,0,0,0,0,0,0,4513317,4768924,6103455,4313135,3580191,4925060,3764906,4169671,5535830,4074416,4531290,6030805,4021919,4198228,5337127,3990788,3284500,4432419,3434378,3720084,4834214,3744226,4093128,5374304,3152209,3421141,4256688,3252968,2794724,3782594,2911285,3174467,4283556,3443558,3543872,5230707,2997012,3226802,4233355,3359070,2657442,3845361,2849741,3227858
C,G,H,0,0,0,0,0,0,0,0,0,0,0,0,0,0,0,0,0,0,0,0,0,0,0,0,0,714570,741768,960919,643999,525403,705443,549806,583409,827518,669112,723174,1060211,749938,753126,873470,665899,569475,730870,579306,660472,902636,683918,771742,1077481,723189,723540,859330,607357,532303,694052,533405,582222,786668,632725,689946,1068431,676051,672477,790361,615618,515375,698707,541534,586879
C,G,J,0,0,0,0,0,0,0,0,0,0,0,0,0,0,0,0,0,0,0,0,0,0,0,0,0,566815,596586,692889,481196,432199,549382,407657,469068,677193,540388,602705,974745,629004,610225,716737,478535,418833,510621,396318,430512,607532,490867,551113,877848,560992,521345,596163,417004,373208,456654,371016,387869,542098,437773,540652,892937,489032,458902,519240,359087,327674,436995,344430,353378
C,I,G,0,0,0,0,0,0,0,0,0,0,0,0,0,0,0,0,0,0,0,0,0,0,0,0,0,2488539,2639940,3199780,2262965,1841052,2511149,1948644,2190286,2875940,2122239,2242380,3095116,2027324,2117448,2565828,1873930,1614422,2129880,1649598,1856785,2522974,1869204,2031023,2755574,1630948,1728350,2133680,1589387,1415442,1829497,1432335,1560907,2131669,1636640,1706304,2670643,1511065,1619885,2006175,1526592,1281340,1825867,1392092,1573563
C,I,K,0,0,0,0,0,0,0,0,0,0,0,0,0,0,0,0,0,0,0,0,0,0,0,0,0,936320,965994,1154441,776235,652758,879380,685193,790400,1068066,808194,875204,1344148,910741,899216,1032327,729125,635597,825514,668240,780090,1072092,800410,874553,1347224,840270,840273,969390,678973,595278,773634,618280,700889,952388,737192,797408,1382573,791924,784687,888215,638136,550293,741486,575690,657842
C,I,A2,0,0,0,0,0,0,0,0,0,0,0,0,0,0,0,0,0,0,0,0,0,0,0,0,0,44460,48254,61544,43700,41493,51541,34456,35223,53990,39854,41012,51678,34170,38395,56082,27675,28228,34208,25710,26956,35534,27960,35267,43948,29405,31875,43497,36338,29842,37484,27324,32309,42165,35692,41085,56457,34409,35421,39933,34624,24471,37065,27342,30046
C,J,Z,0,0,0,0,0,0,0,0,0,0,0,0,0,0,0,0,0,0,0,0,0,0,0,0,0,1996906,1819543,2250940,1604956,1666126,2107569,1661831,1721809,2086783,1848104,2463006,6077925,2842224,2297643,2370809,1797521,1850524,2244518,1945117,1967915,2282251,1819565,2245581,5226132,2370300,1868593,1908796,1388212,1363461,1700637,1461274,1425643,1701753,1195828,1364596,3647133,1416568,1216122,1276260,962810,936285,1262270,1098907,974231
C,J,NULL,0,0,0,0,0,0,0,0,0,0,0,0,0,0,0,0,0,0,0,0,0,0,0,0,0,88253,95649,137338,103170,113331,169088,117724,120352,185170,156820,181296,463613,187064,175467,247769,177625,159282,185854,148589,170560,285890,191921,232867,459906,241008,223769,272603,190020,186349,257852,193366,187793,265740,193505,248445,566336,254824,230602,292860,188032,160312,236912,188881,179670
